{
  "method": "efit_polynomial",
  "efit_polynomial": {
    "n_dof": 2,
    "regularizations": [
      [
        0.0,
        0.00004467344
      ]
    ]
  },
  "tensioned_cubic_b_spline": {
    "regularizations": [
      [
        0.0000150700,
        -0.0000225900,
        0.00000751998,
        0.00000,
        0.00000,
        0.00000,
        0.00000,
        0.00000,
        0.00000,
        0.00000,
        0.00000
      ],
      [
        0.00000,
        0.00000375999,
        -0.00000626832,
        0.00000250833,
        0.00000,
        0.00000,
        0.00000,
        0.00000,
        0.00000,
        0.00000,
        0.00000
      ],
      [
        0.00000,
        0.00000,
        0.00000250833,
        -0.00000501666,
        0.00000250833,
        0.00000,
        0.00000,
        0.00000,
        0.00000,
        0.00000,
        0.00000
      ],
      [
        0.00000,
        0.00000,
        0.00000,
        0.00000250833,
        -0.00000551632,
        0.00000300799,
        0.00000,
        0.00000,
        0.00000,
        0.00000,
        0.00000
      ],
      [
        0.00000,
        0.00000,
        0.00000,
        0.00000,
        0.00000400732,
        -0.00000974064,
        0.00000573332,
        0.00000,
        0.00000,
        0.00000,
        0.00000
      ],
      [
        0.00000,
        0.00000,
        0.00000,
        0.00000,
        0.00000,
        0.0000114452,
        -0.0000336859,
        0.0000222407,
        0.00000,
        0.00000,
        0.00000
      ],
      [
        0.00000,
        0.00000,
        0.00000,
        0.00000,
        0.00000,
        0.00000,
        0.0000416818,
        -0.000116697,
        0.0000750147,
        0.00000,
        0.00000
      ],
      [
        0.00000,
        0.00000,
        0.00000,
        0.00000,
        0.00000,
        0.00000,
        0.00000,
        0.000120012,
        -0.000360029,
        0.000240017,
        0.00000
      ],
      [
        0.00000,
        0.00000,
        0.00000,
        0.00000,
        0.00000,
        0.00000,
        0.00000,
        0.00000,
        0.00000,
        0.00000,
        1.00000E+10
      ]
    ],
    "interior_knots": [
      0.20,
      0.40,
      0.60,
      0.80,
      0.90,
      0.95,
      0.98
    ],
    "interval_tensions": [
      1,
      1,
      1,
      1,
      1,
      1,
      1,
      1
    ]
  }
}
