{
    "method": "efit_polynomial",
    "efit_polynomial": {
        "n_dof": 2,
        "regularizations": [
            [0.0, 0.00004467344]
        ]
    },
    "liuqe_polynomial": {
        "n_dof": 2,
        "regularizations": [
            [0.0, 0.00004467344]
        ]
    },
    "tensioned_cubic_b_spline": {
        "regularizations": [
            [ 1.50700e-05, -2.25900e-05,  7.51998e-06,  0.00000e+00,  0.00000e+00,  0.00000e+00,  0.00000e+00,  0.00000e+00,  0.00000e+00,  0.00000e+00,  0.00000e+00],
            [ 0.00000e+00,  3.75999e-06, -6.26832e-06,  2.50833e-06,  0.00000e+00,  0.00000e+00,  0.00000e+00,  0.00000e+00,  0.00000e+00,  0.00000e+00,  0.00000e+00],
            [ 0.00000e+00,  0.00000e+00,  2.50833e-06, -5.01666e-06,  2.50833e-06,  0.00000e+00,  0.00000e+00,  0.00000e+00,  0.00000e+00,  0.00000e+00,  0.00000e+00],
            [ 0.00000e+00,  0.00000e+00,  0.00000e+00,  2.50833e-06, -5.51632e-06,  3.00799e-06,  0.00000e+00,  0.00000e+00,  0.00000e+00,  0.00000e+00,  0.00000e+00],
            [ 0.00000e+00,  0.00000e+00,  0.00000e+00,  0.00000e+00,  4.00732e-06, -9.74064e-06,  5.73332e-06,  0.00000e+00,  0.00000e+00,  0.00000e+00,  0.00000e+00],
            [ 0.00000e+00,  0.00000e+00,  0.00000e+00,  0.00000e+00,  0.00000e+00,  1.14452e-05, -3.36859e-05,  2.22407e-05,  0.00000e+00,  0.00000e+00,  0.00000e+00],
            [ 0.00000e+00,  0.00000e+00,  0.00000e+00,  0.00000e+00,  0.00000e+00,  0.00000e+00,  4.16818e-05, -1.16697e-04,  7.50147e-05,  0.00000e+00,  0.00000e+00],
            [ 0.00000e+00,  0.00000e+00,  0.00000e+00,  0.00000e+00,  0.00000e+00,  0.00000e+00,  0.00000e+00,  1.20012e-04, -3.60029e-04,  2.40017e-04,  0.00000e+00],
            [ 0.00000e+00,  0.00000e+00,  0.00000e+00,  0.00000e+00,  0.00000e+00,  0.00000e+00,  0.00000e+00,  0.00000e+00,  0.00000e+00,  0.00000e+00,  1.00000e+10]
        ],
        "interior_knots": [0.20, 0.40, 0.60, 0.80, 0.90, 0.95, 0.98],
        "interval_tensions": [1e+00, 1e+00, 1e+00, 1e+00, 1e+00, 1e+00, 1e+00, 1e+00]
    }
}