{
    "method": "efit_polynomial",
    "efit_polynomial": {
        "n_dof": 2,
        "regularizations": [
            [0.0, 1.7]
        ]
    },
    "liuqe_polynomial": {
        "n_dof": 2,
        "regularizations": [
            [0.0, 1.7]
        ]
    },
    "tensioned_cubic_b_spline": {
        "regularizations": [
            [ 1.00000e+10, -1.00000e+10,  0.00000e+00,  0.00000e+00,  0.00000e+00,  0.00000e+00,  0.00000e+00,  0.00000e+00,  0.00000e+00,  0.00000e+00,  0.00000e+00],
            [ 1.50700e+00, -2.25900e+00,  7.51998e-01,  0.00000e+00,  0.00000e+00,  0.00000e+00,  0.00000e+00,  0.00000e+00,  0.00000e+00,  0.00000e+00,  0.00000e+00],
            [ 0.00000e+00,  3.75999e-01, -6.26832e-01,  2.50833e-01,  0.00000e+00,  0.00000e+00,  0.00000e+00,  0.00000e+00,  0.00000e+00,  0.00000e+00,  0.00000e+00],
            [ 0.00000e+00,  0.00000e+00,  2.50833e-01, -5.01666e-01,  2.50833e-01,  0.00000e+00,  0.00000e+00,  0.00000e+00,  0.00000e+00,  0.00000e+00,  0.00000e+00],
            [ 0.00000e+00,  0.00000e+00,  0.00000e+00,  2.50833e-01, -5.51632e-01,  3.00799e-01,  0.00000e+00,  0.00000e+00,  0.00000e+00,  0.00000e+00,  0.00000e+00],
            [ 0.00000e+00,  0.00000e+00,  0.00000e+00,  0.00000e+00,  4.00732e-01, -9.74064e-01,  5.73332e-01,  0.00000e+00,  0.00000e+00,  0.00000e+00,  0.00000e+00],
            [ 0.00000e+00,  0.00000e+00,  0.00000e+00,  0.00000e+00,  0.00000e+00,  1.14452e+00, -3.36859e+00,  2.22407e+00,  0.00000e+00,  0.00000e+00,  0.00000e+00],
            [ 0.00000e+00,  0.00000e+00,  0.00000e+00,  0.00000e+00,  0.00000e+00,  0.00000e+00,  4.16818e+00, -1.16697e+01,  7.50147e+00,  0.00000e+00,  0.00000e+00],
            [ 0.00000e+00,  0.00000e+00,  0.00000e+00,  0.00000e+00,  0.00000e+00,  0.00000e+00,  0.00000e+00,  1.20012e+01, -3.60029e+01,  2.40017e+01,  0.00000e+00],
            [ 0.00000e+00,  0.00000e+00,  0.00000e+00,  0.00000e+00,  0.00000e+00,  0.00000e+00,  0.00000e+00,  0.00000e+00,  6.00028e+01, -2.10010e+02,  1.50007e+02],
            [ 0.00000e+00,  0.00000e+00,  0.00000e+00,  0.00000e+00,  0.00000e+00,  0.00000e+00,  0.00000e+00,  0.00000e+00,  0.00000e+00,  0.00000e+00,  1.00000e+10]
        ],
        "interior_knots": [0.20, 0.40, 0.60, 0.80, 0.90, 0.95, 0.98],
        "interval_tensions": [1e+00, 1e+00, 1e+00, 1e+00, 1e+00, 1e+00, 1e+00, 1e+00]
    }
}