{
    "method": "efit_polynomial",
    "efit_polynomial": {
        "n_dof": 2,
        "regularizations": [
            [0.0, 0.00000045]
        ]
    },
    "liuqe_polynomial": {
        "n_dof": 2,
        "regularizations": [
            [0.0, 0.00000045]
        ]
    },
    "tensioned_cubic_b_spline": {
        "regularizations": [
            [ 1.00000e+10, -1.00000e+10,  0.00000e+00,  0.00000e+00,  0.00000e+00,  0.00000e+00,  0.00000e+00,  0.00000e+00,  0.00000e+00,  0.00000e+00,  0.00000e+00],
            [ 1.50700e-04, -2.25900e-04,  7.51998e-05,  0.00000e+00,  0.00000e+00,  0.00000e+00,  0.00000e+00,  0.00000e+00,  0.00000e+00,  0.00000e+00,  0.00000e+00],
            [ 0.00000e+00,  3.75999e-05, -6.26832e-05,  2.50833e-05,  0.00000e+00,  0.00000e+00,  0.00000e+00,  0.00000e+00,  0.00000e+00,  0.00000e+00,  0.00000e+00],
            [ 0.00000e+00,  0.00000e+00,  2.50833e-05, -5.01666e-05,  2.50833e-05,  0.00000e+00,  0.00000e+00,  0.00000e+00,  0.00000e+00,  0.00000e+00,  0.00000e+00],
            [ 0.00000e+00,  0.00000e+00,  0.00000e+00,  2.50833e-05, -5.51632e-05,  3.00799e-05,  0.00000e+00,  0.00000e+00,  0.00000e+00,  0.00000e+00,  0.00000e+00],
            [ 0.00000e+00,  0.00000e+00,  0.00000e+00,  0.00000e+00,  4.00732e-05, -9.74064e-05,  5.73332e-05,  0.00000e+00,  0.00000e+00,  0.00000e+00,  0.00000e+00],
            [ 0.00000e+00,  0.00000e+00,  0.00000e+00,  0.00000e+00,  0.00000e+00,  1.14452e-04, -3.36859e-04,  2.22407e-04,  0.00000e+00,  0.00000e+00,  0.00000e+00],
            [ 0.00000e+00,  0.00000e+00,  0.00000e+00,  0.00000e+00,  0.00000e+00,  0.00000e+00,  4.16818e-04, -1.16697e-03,  7.50147e-04,  0.00000e+00,  0.00000e+00],
            [ 0.00000e+00,  0.00000e+00,  0.00000e+00,  0.00000e+00,  0.00000e+00,  0.00000e+00,  0.00000e+00,  1.20012e-03, -3.60029e-03,  2.40017e-03,  0.00000e+00],
            [ 0.00000e+00,  0.00000e+00,  0.00000e+00,  0.00000e+00,  0.00000e+00,  0.00000e+00,  0.00000e+00,  0.00000e+00,  6.00028e-03, -2.10010e-02,  1.50007e-02],
            [ 0.00000e+00,  0.00000e+00,  0.00000e+00,  0.00000e+00,  0.00000e+00,  0.00000e+00,  0.00000e+00,  0.00000e+00,  0.00000e+00,  0.00000e+00,  1.00000e+10]
        ],
        "interior_knots": [0.20, 0.40, 0.60, 0.80, 0.90, 0.95, 0.98],
        "interval_tensions": [1e+00, 1e+00, 1e+00, 1e+00, 1e+00, 1e+00, 1e+00, 1e+00]
    }
}