{
  "method": "efit_polynomial",
  "efit_polynomial": {
    "n_dof": 2,
    "regularizations": [
      [
        0.0,
        1.7
      ]
    ]
  },
  "tensioned_cubic_b_spline": {
    "regularizations": [
      [
        1.00000E+10,
        -1.00000E+10,
        0.00000,
        0.00000,
        0.00000,
        0.00000,
        0.00000,
        0.00000,
        0.00000,
        0.00000,
        0.00000
      ],
      [
        1.50700,
        -2.25900,
        0.751998,
        0.00000,
        0.00000,
        0.00000,
        0.00000,
        0.00000,
        0.00000,
        0.00000,
        0.00000
      ],
      [
        0.00000,
        0.375999,
        -0.626832,
        0.250833,
        0.00000,
        0.00000,
        0.00000,
        0.00000,
        0.00000,
        0.00000,
        0.00000
      ],
      [
        0.00000,
        0.00000,
        0.250833,
        -0.501666,
        0.250833,
        0.00000,
        0.00000,
        0.00000,
        0.00000,
        0.00000,
        0.00000
      ],
      [
        0.00000,
        0.00000,
        0.00000,
        0.250833,
        -0.551632,
        0.300799,
        0.00000,
        0.00000,
        0.00000,
        0.00000,
        0.00000
      ],
      [
        0.00000,
        0.00000,
        0.00000,
        0.00000,
        0.400732,
        -0.974064,
        0.573332,
        0.00000,
        0.00000,
        0.00000,
        0.00000
      ],
      [
        0.00000,
        0.00000,
        0.00000,
        0.00000,
        0.00000,
        1.14452,
        -3.36859,
        2.22407,
        0.00000,
        0.00000,
        0.00000
      ],
      [
        0.00000,
        0.00000,
        0.00000,
        0.00000,
        0.00000,
        0.00000,
        4.16818,
        -11.6697,
        7.50147,
        0.00000,
        0.00000
      ],
      [
        0.00000,
        0.00000,
        0.00000,
        0.00000,
        0.00000,
        0.00000,
        0.00000,
        12.0012,
        -36.0029,
        24.0017,
        0.00000
      ],
      [
        0.00000,
        0.00000,
        0.00000,
        0.00000,
        0.00000,
        0.00000,
        0.00000,
        0.00000,
        60.0028,
        -210.010,
        150.007
      ],
      [
        0.00000,
        0.00000,
        0.00000,
        0.00000,
        0.00000,
        0.00000,
        0.00000,
        0.00000,
        0.00000,
        0.00000,
        1.00000E+10
      ]
    ],
    "interior_knots": [
      0.20,
      0.40,
      0.60,
      0.80,
      0.90,
      0.95,
      0.98
    ],
    "interval_tensions": [
      1,
      1,
      1,
      1,
      1,
      1,
      1,
      1
    ]
  }
}
