{
  "method": "efit_polynomial",
  "efit_polynomial": {
    "n_dof": 2,
    "regularizations": [
      [
        0.0,
        4.5E-7
      ]
    ]
  },
  "tensioned_cubic_b_spline": {
    "regularizations": [
      [
        1.00000E+10,
        -1.00000E+10,
        0.00000,
        0.00000,
        0.00000,
        0.00000,
        0.00000,
        0.00000,
        0.00000,
        0.00000,
        0.00000
      ],
      [
        0.000150700,
        -0.000225900,
        0.0000751998,
        0.00000,
        0.00000,
        0.00000,
        0.00000,
        0.00000,
        0.00000,
        0.00000,
        0.00000
      ],
      [
        0.00000,
        0.0000375999,
        -0.0000626832,
        0.0000250833,
        0.00000,
        0.00000,
        0.00000,
        0.00000,
        0.00000,
        0.00000,
        0.00000
      ],
      [
        0.00000,
        0.00000,
        0.0000250833,
        -0.0000501666,
        0.0000250833,
        0.00000,
        0.00000,
        0.00000,
        0.00000,
        0.00000,
        0.00000
      ],
      [
        0.00000,
        0.00000,
        0.00000,
        0.0000250833,
        -0.0000551632,
        0.0000300799,
        0.00000,
        0.00000,
        0.00000,
        0.00000,
        0.00000
      ],
      [
        0.00000,
        0.00000,
        0.00000,
        0.00000,
        0.0000400732,
        -0.0000974064,
        0.0000573332,
        0.00000,
        0.00000,
        0.00000,
        0.00000
      ],
      [
        0.00000,
        0.00000,
        0.00000,
        0.00000,
        0.00000,
        0.000114452,
        -0.000336859,
        0.000222407,
        0.00000,
        0.00000,
        0.00000
      ],
      [
        0.00000,
        0.00000,
        0.00000,
        0.00000,
        0.00000,
        0.00000,
        0.000416818,
        -0.00116697,
        0.000750147,
        0.00000,
        0.00000
      ],
      [
        0.00000,
        0.00000,
        0.00000,
        0.00000,
        0.00000,
        0.00000,
        0.00000,
        0.00120012,
        -0.00360029,
        0.00240017,
        0.00000
      ],
      [
        0.00000,
        0.00000,
        0.00000,
        0.00000,
        0.00000,
        0.00000,
        0.00000,
        0.00000,
        0.00600028,
        -0.0210010,
        0.0150007
      ],
      [
        0.00000,
        0.00000,
        0.00000,
        0.00000,
        0.00000,
        0.00000,
        0.00000,
        0.00000,
        0.00000,
        0.00000,
        1.00000E+10
      ]
    ],
    "interior_knots": [
      0.20,
      0.40,
      0.60,
      0.80,
      0.90,
      0.95,
      0.98
    ],
    "interval_tensions": [
      1,
      1,
      1,
      1,
      1,
      1,
      1,
      1
    ]
  }
}
