{
  "method": "efit_polynomial",
  "efit_polynomial": {
    "n_dof": 2,
    "regularizations": [
      [
        0.0,
        0.00004467344
      ]
    ]
  },
  "tensioned_cubic_b_spline": {
    "regularizations": [
      [
        0.00150700,
        -0.00225900,
        0.000751998,
        0.00000,
        0.00000,
        0.00000,
        0.00000,
        0.00000,
        0.00000,
        0.00000,
        0.00000
      ],
      [
        0.00000,
        0.000375999,
        -0.000626832,
        0.000250833,
        0.00000,
        0.00000,
        0.00000,
        0.00000,
        0.00000,
        0.00000,
        0.00000
      ],
      [
        0.00000,
        0.00000,
        0.000250833,
        -0.000501666,
        0.000250833,
        0.00000,
        0.00000,
        0.00000,
        0.00000,
        0.00000,
        0.00000
      ],
      [
        0.00000,
        0.00000,
        0.00000,
        0.000250833,
        -0.000551632,
        0.000300799,
        0.00000,
        0.00000,
        0.00000,
        0.00000,
        0.00000
      ],
      [
        0.00000,
        0.00000,
        0.00000,
        0.00000,
        0.000400732,
        -0.000974064,
        0.000573332,
        0.00000,
        0.00000,
        0.00000,
        0.00000
      ],
      [
        0.00000,
        0.00000,
        0.00000,
        0.00000,
        0.00000,
        0.00114452,
        -0.00336859,
        0.00222407,
        0.00000,
        0.00000,
        0.00000
      ],
      [
        0.00000,
        0.00000,
        0.00000,
        0.00000,
        0.00000,
        0.00000,
        0.00416818,
        -0.0116697,
        0.00750147,
        0.00000,
        0.00000
      ],
      [
        0.00000,
        0.00000,
        0.00000,
        0.00000,
        0.00000,
        0.00000,
        0.00000,
        0.0120012,
        -0.0360029,
        0.0240017,
        0.00000
      ],
      [
        0.00000,
        0.00000,
        0.00000,
        0.00000,
        0.00000,
        0.00000,
        0.00000,
        0.00000,
        0.0600028,
        -0.210010,
        0.150007
      ],
      [
        0.00000,
        0.00000,
        0.00000,
        0.00000,
        0.00000,
        0.00000,
        0.00000,
        0.00000,
        0.00000,
        0.00000,
        1.00000E+10
      ]
    ],
    "interior_knots": [
      0.20,
      0.40,
      0.60,
      0.80,
      0.90,
      0.95,
      0.98
    ],
    "interval_tensions": [
      1,
      1,
      1,
      1,
      1,
      1,
      1,
      1
    ]
  }
}
